title,author,pages,cost,vibes,hook
The Metamorphosis,Franz Kafka,100,free,"weird, short, dark humour, thought-provoking",A man wakes up as a giant insect and his family has to cope.
Strange Case of Dr Jekyll and Mr Hyde,Robert Louis Stevenson,100,free,"mystery, fast, gothic, suspense",A respected doctor and a violent stranger are linked by a dark secret.
The Time Machine,H. G. Wells,110,free,"sci-fi, adventure, fast, big ideas",An inventor travels far into the future and finds a very different world.
The War of the Worlds,H. G. Wells,190,free,"sci-fi, tense, adventure, alien invasion",Martians land in England and humanity is nowhere near ready.
The Invisible Man,H. G. Wells,160,free,"sci-fi, mystery, dark humour, fast",A mysterious bandaged stranger arrives in a village with a dangerous secret.
A Christmas Carol,Charles Dickens,100,free,"heartwarming, short, classic, redemption",A bitter miser is visited by three ghosts in one night.
Alice's Adventures in Wonderland,Lewis Carroll,120,free,"funny, whimsical, fantasy, light",A girl falls down a rabbit hole into a world where nothing makes sense.
The Call of the Wild,Jack London,100,free,"adventure, survival, emotional, fast",A pampered dog is thrown into the brutal Yukon gold rush.
A Study in Scarlet,Arthur Conan Doyle,150,free,"mystery, detective, clever, fast",Sherlock Holmes and Dr Watson meet for the first time over a baffling murder.
The Sign of the Four,Arthur Conan Doyle,150,free,"mystery, detective, adventure, treasure",A mysterious letter pulls Holmes into a case involving stolen treasure.
The Hound of the Baskervilles,Arthur Conan Doyle,250,free,"mystery, spooky, detective, suspense",A legendary spectral hound haunts a family on the foggy moors.
Three Men in a Boat,Jerome K. Jerome,200,free,"funny, light, friendship, comedy",Three friends and a dog take a hilariously disastrous trip up the Thames.
The Importance of Being Earnest,Oscar Wilde,70,free,"funny, witty, play, light",Two men invent fake identities to escape duty and chase love.
The Great Gatsby,F. Scott Fitzgerald,180,free,"classic, romance, tragic, stylish",A mysterious millionaire throws lavish parties for one hidden reason.
The Picture of Dorian Gray,Oscar Wilde,250,free,"gothic, dark, witty, classic",A young man's portrait ages while he stays beautiful and carefree.
The Old Man and the Sea,Ernest Hemingway,110,cheap,"short, quiet, perseverance, simple",An old fisherman hooks the biggest fish of his life and refuses to give up.
Of Mice and Men,John Steinbeck,110,cheap,"emotional, friendship, short, powerful",Two migrant workers share a dream of owning a bit of land.
The Pearl,John Steinbeck,90,cheap,"short, parable, tense, emotional",A poor fisherman finds a huge pearl that brings trouble instead of luck.
Animal Farm,George Orwell,100,cheap,"satire, short, political, thought-provoking",Farm animals overthrow their farmer and try to build a fairer society.
The Little Prince,Antoine de Saint-Exupery,100,cheap,"gentle, philosophical, short, heartwarming",A stranded pilot meets a small prince who has travelled from another planet.
The Alchemist,Paulo Coelho,170,cheap,"inspiring, adventure, easy, journey",A shepherd boy sets out across the desert to find a treasure he dreamed of.
Who Moved My Cheese?,Spencer Johnson,100,cheap,"self-growth, short, easy, parable",Four characters in a maze react very differently when their cheese disappears.
The Stranger,Albert Camus,120,cheap,"philosophical, short, detached, thought-provoking",A man's strangely calm reaction to his mother's death sets off a chain of events.
The Blue Umbrella,Ruskin Bond,70,cheap,"gentle, short, India, heartwarming",A village girl's beautiful blue umbrella makes the whole village envious.
The Room on the Roof,Ruskin Bond,150,cheap,"coming-of-age, India, easy, friendship",A teenage orphan in Dehradun finds friends and freedom for the first time.
Malgudi Days,R. K. Narayan,250,cheap,"short stories, India, gentle, humorous",Bite-sized stories of everyday life in a small South Indian town.
Murder on the Orient Express,Agatha Christie,250,cheap,"mystery, detective, clever, suspense",A murder on a snowbound train and a carriage full of suspects.
Coraline,Neil Gaiman,160,cheap,"spooky, fantasy, fast, creepy",A girl finds a hidden door to a mirror-world with an 'other mother'.
The Palace of Illusions,Chitra Banerjee Divakaruni,360,cheap,"mythology, feminist, emotional, epic",Draupadi retells the Mahabharata through her own eyes and reveals the woman behind the legend.
The Forest of Enchantments,Chitra Banerjee Divakaruni,350,cheap,"mythology, emotional, feminist, epic",Sita tells the story of the Ramayana from her own perspective and challenges familiar ideas of destiny.
The Last Queen,Chitra Banerjee Divakaruni,330,cheap,"historical, emotional, romance, powerful",A young woman rises from obscurity to become the legendary last queen of Punjab.
The Mistress of Spices,Chitra Banerjee Divakaruni,320,cheap,"magical realism, romance, emotional, Indian",A mysterious woman uses magical spices to help troubled immigrants while hiding a secret of her own.
The God of Small Things,Arundhati Roy,340,cheap,"emotional, literary, family, tragic",Twins grow up in Kerala as one forbidden relationship changes their family forever.
The White Tiger,Aravind Adiga,320,cheap,"dark humour, social, ambitious, thought-provoking",A poor village boy escapes poverty and reinvents himself in India's brutal world of wealth and power.
The Guide,R. K. Narayan,220,cheap,"Indian, romance, philosophical, humorous",A charming railway guide becomes an unlikely spiritual figure after a series of unexpected choices.
Swami and Friends,R. K. Narayan,190,cheap,"India, childhood, humorous, nostalgic","A mischievous schoolboy and his friends experience friendship, rivalry and growing up in Malgudi."
The Bachelor of Arts,R. K. Narayan,220,cheap,"coming-of-age, India, humorous, romance","A college student struggles with love, studies and the confusing transition into adulthood."
The Vendor of Sweets,R. K. Narayan,180,cheap,"Indian, family, humorous, gentle",A traditional sweet seller struggles to understand his ambitious son and the changing world around him.
The English Teacher,R. K. Narayan,170,cheap,"emotional, philosophical, India, quiet","A teacher's ordinary life is transformed by love, loss and an unexpected search for meaning."
Grandma's Bag of Stories,Sudha Murty,190,cheap,"Indian, family, stories, heartwarming",A grandmother entertains her grandchildren with delightful stories filled with wisdom and adventure.
Wise and Otherwise,Sudha Murty,250,cheap,"Indian, inspiring, short stories, thoughtful","Real-life encounters reveal surprising lessons about kindness, greed, courage and human nature."
Three Thousand Stitches,Sudha Murty,250,cheap,"inspiring, India, true stories, emotional",Sudha Murty shares stories of ordinary people overcoming extraordinary challenges.
Dollar Bahu,Sudha Murty,120,cheap,"Indian, family, social, emotional",A family discovers that money and status cannot guarantee happiness or respect.
The Day I Stopped Drinking Milk,Sudha Murty,220,cheap,"inspiring, short stories, Indian, life lessons",A collection of simple encounters that reveal powerful lessons about everyday life.
House of Cards,Sudha Murty,180,cheap,"family, emotional, social, Indian",A talented doctor builds a comfortable life but discovers how fragile success and relationships can be.
The Gopi Diaries,Sudha Murty,150,cheap,"funny, family, India, heartwarming",A clever dog named Gopi describes his chaotic and lovable family life.
How the Sea Became Salty,Sudha Murty,100,free,"folklore, Indian, short, children",A collection of charming Indian folktales explaining strange and wonderful things about the world.
Ruskin Bond's Book of Nature,Ruskin Bond,180,cheap,"nature, India, peaceful, nostalgic","Ruskin Bond celebrates India's mountains, forests, animals and the quiet beauty of nature."
Our Trees Still Grow in Dehra,Ruskin Bond,200,cheap,"India, nostalgic, nature, gentle",Memories of childhood and life in the hills unfold through warm and beautifully simple stories.
A Flight of Pigeons,Ruskin Bond,140,cheap,"historical, India, emotional, adventure","During the upheaval of 1857, a young girl and her mother struggle to survive in a changing India."
Delhi Is Not Far,Ruskin Bond,160,cheap,"India, humorous, small-town, gentle",A group of eccentric characters in a quiet town dream about escaping to the big city.
The Room of Many Colours,Ruskin Bond,180,cheap,"nostalgic, India, short stories, gentle",A collection of childhood memories and encounters from Ruskin Bond's world.
The Illicit Happiness of Other People,Manu Joseph,300,cheap,"mystery, family, dark humour, Indian",A father investigates his teenage son's death while uncovering uncomfortable truths about his family.
A Suitable Boy,Vikram Seth,1400,cheap,"romance, India, family, epic","A young woman's search for a husband becomes intertwined with politics, family expectations and social change."
The Inheritance of Loss,Kiran Desai,324,cheap,"literary, India, family, emotional","Lives collide in the Himalayan foothills as questions of identity, class and belonging emerge."
Midnight's Children,Salman Rushdie,650,cheap,"historical, magical realism, India, epic",A boy born at the exact moment of India's independence discovers that his life is mysteriously connected to his country.
The Namesake,Jhumpa Lahiri,291,cheap,"family, identity, Indian diaspora, emotional","A Bengali-American family struggles with identity, tradition and the meaning behind a son's unusual name."
Interpreter of Maladies,Jhumpa Lahiri,198,cheap,"short stories, emotional, Indian diaspora, literary","Nine stories explore loneliness, relationships and cultural identity between India and America."
The Lowland,Jhumpa Lahiri,340,cheap,"family, political, emotional, literary",Two brothers take very different paths as political turmoil and personal tragedy reshape their family.
The Henna Artist,Alka Joshi,384,cheap,"historical, India, women, vibrant",A talented henna artist builds an independent life in 1950s Jaipur while hiding a dangerous secret.
The Secret Keeper of Jaipur,Alka Joshi,352,cheap,"historical, mystery, India, dramatic",A young man enters Jaipur's elite world and becomes caught in a dangerous mystery.
The Immortals of Meluha,Amish Tripathi,436,cheap,"mythology, fantasy, adventure, Indian",A tribal leader discovers that the destiny of a legendary god may be hidden inside an ordinary man.
The Secret of the Nagas,Amish Tripathi,403,cheap,"mythology, fantasy, adventure, epic",Shiva continues his journey while confronting powerful enemies and questioning everything he believes.
The Oath of the Vayuputras,Amish Tripathi,575,cheap,"mythology, epic, action, Indian",Shiva prepares for a final confrontation that will decide the fate of an entire civilization.
Five Point Someone,Chetan Bhagat,270,cheap,"college, friendship, funny, India","Three engineering students struggle with grades, friendship, love and the pressure to succeed."
2 States,Chetan Bhagat,270,cheap,"romance, college, India, funny",A Punjabi boy and Tamil girl fall in love and must convince their very different families to accept them.
The 3 Mistakes of My Life,Chetan Bhagat,258,cheap,"friendship, India, emotional, drama","Three friends build a business together while facing love, ambition and a changing India."
One Indian Girl,Chetan Bhagat,272,cheap,"romance, modern, Indian, humorous","A successful investment banker questions marriage, love and the expectations placed on modern women."
Train to Pakistan,Khushwant Singh,192,cheap,"historical, India, emotional, tragic",A small village is torn apart by the violence and uncertainty surrounding India's Partition.
Tamas,Bhisham Sahni,320,cheap,"historical, India, serious, powerful",Ordinary people become trapped in the communal violence surrounding the Partition of India.
The Kite Runner,Khaled Hosseini,371,cheap,"emotional, friendship, guilt, powerful",A man returns to Afghanistan to confront a childhood betrayal that has haunted him for years.
A Thousand Splendid Suns,Khaled Hosseini,372,cheap,"emotional, friendship, survival, powerful",Two women form an extraordinary bond while enduring decades of hardship in Afghanistan.
The Book Thief,Markus Zusak,550,cheap,"historical, emotional, powerful, literary",A young girl in Nazi Germany finds comfort in stolen books while war surrounds her.
All the Light We Cannot See,Anthony Doerr,530,cheap,"historical, emotional, war, beautiful",A blind French girl and a German boy follow separate paths that eventually collide during World War II.
The Fault in Our Stars,John Green,313,cheap,"romance, emotional, young adult, bittersweet",Two teenagers with cancer fall in love while trying to make sense of life and loss.
Looking for Alaska,John Green,221,cheap,"coming-of-age, romance, emotional, mysterious",A teenager enters boarding school and becomes fascinated by an unpredictable girl named Alaska.
It Ends with Us,Colleen Hoover,376,cheap,"romance, emotional, contemporary, dramatic","A young woman must confront difficult truths about love, relationships and the life she wants."
The Silent Patient,Alex Michaelides,336,cheap,"psychological, mystery, thriller, twisty",A famous painter stops speaking after being accused of murdering her husband.
Gone Girl,Gillian Flynn,432,cheap,"psychological, mystery, dark, suspense",A woman's disappearance turns her marriage into a media spectacle full of disturbing secrets.
The Girl on the Train,Paula Hawkins,336,cheap,"mystery, thriller, unreliable, suspense",A commuter watches a seemingly perfect couple from the train until she witnesses something shocking.
The Midnight Library,Matt Haig,304,cheap,"philosophical, emotional, fantasy, hopeful",A woman discovers a magical library where every book contains a different version of her life.
The Seven Husbands of Evelyn Hugo,Taylor Jenkins Reid,400,cheap,"romance, Hollywood, emotional, dramatic",An aging Hollywood icon finally reveals the complicated story behind her seven marriages.
The Thursday Murder Club,Richard Osman,384,cheap,"mystery, funny, elderly detectives, clever",Four friends in a retirement village investigate real murders after turning their hobby into a dangerous game.
The Hobbit,J. R. R. Tolkien,310,cheap,"fantasy, adventure, magical, classic","A quiet hobbit is pulled into an epic quest involving dwarves, dragons and forgotten treasure."
Harry Potter and the Philosopher's Stone,J. K. Rowling,309,cheap,"fantasy, magical, friendship, adventure",An ordinary boy discovers he is a wizard and enters a hidden world of magic.
The Hunger Games,Suzanne Collins,374,cheap,"dystopian, survival, action, suspense",A teenage girl volunteers for a deadly televised competition where only one contestant can survive.
Percy Jackson and the Lightning Thief,Rick Riordan,377,cheap,"fantasy, mythology, adventure, funny",A teenager discovers he is connected to Greek gods and is thrown into a dangerous mythological quest.
The Giver,Lois Lowry,240,cheap,"dystopian, thought-provoking, easy, mysterious",A boy living in a seemingly perfect society discovers the disturbing truth behind it.
Wonder,R. J. Palacio,315,cheap,"heartwarming, school, friendship, inspiring",A boy with a facial difference enters school for the first time and changes everyone around him.
The Perks of Being a Wallflower,Stephen Chbosky,224,cheap,"coming-of-age, friendship, emotional, easy",A quiet teenager finds friendship and belonging while trying to understand himself.
The Curious Incident of the Dog in the Night-Time,Mark Haddon,226,cheap,"mystery, unique, emotional, easy",A teenager investigates the mysterious death of a neighbour's dog and uncovers much more than expected.
The Outsiders,S. E. Hinton,192,cheap,"friendship, coming-of-age, emotional, fast",A teenager caught between rival groups discovers that people are more complicated than their labels.
The Hate U Give,Angie Thomas,464,cheap,"social, emotional, powerful, contemporary",A teenage girl finds her voice after witnessing a life-changing act of violence.
Eleanor Oliphant Is Completely Fine,Gail Honeyman,400,cheap,"funny, emotional, quirky, uplifting",A socially awkward woman with a rigid routine slowly discovers friendship and the possibility of a different life.
Before the Coffee Gets Cold,Toshikazu Kawaguchi,208,cheap,"magical, emotional, short, reflective",A tiny Japanese café offers customers one chance to travel into the past before their coffee gets cold.
The Travelling Cat Chronicles,Hiro Arikawa,272,cheap,"emotional, friendship, gentle, bittersweet",A man and his cat take a final road trip while visiting the people who shaped their lives.
Convenience Store Woman,Sayaka Murata,176,cheap,"quirky, short, Japanese, thought-provoking",A woman who feels perfectly comfortable working in a convenience store struggles with society's expectations of normality.
Kitchen,Banana Yoshimoto,152,cheap,"gentle, emotional, Japanese, healing","After losing someone close to her, a young woman finds unexpected comfort through food and new relationships."
The House on Mango Street,Sandra Cisneros,110,cheap,"coming-of-age, short, poetic, identity",A young Latina girl grows up in a Chicago neighbourhood while dreaming of a different future.
Tuesdays with Morrie,Mitch Albom,192,cheap,"inspiring, emotional, life lessons, easy","A former student reconnects with his dying professor and learns lessons about love, work and living."
The Five People You Meet in Heaven,Mitch Albom,196,cheap,"emotional, philosophical, afterlife, easy","After death, a lonely man meets five people who reveal how his life affected theirs."
The Boy in the Striped Pajamas,John Boyne,216,cheap,"historical, emotional, simple, tragic",A young German boy becomes friends with another boy on the opposite side of a wartime fence.
The Secret Garden,Frances Hodgson Burnett,375,free,"classic, nature, friendship, heartwarming",A lonely child discovers a hidden garden and begins transforming her life and the lives around her.
Little Women,Louisa May Alcott,449,free,"family, friendship, classic, heartwarming","Four sisters grow up together while navigating love, ambition, family and adulthood."
Anne of Green Gables,L. M. Montgomery,320,free,"funny, friendship, coming-of-age, heartwarming",An imaginative orphan arrives at a new home and turns the quiet community upside down.
The Wonderful Wizard of Oz,L. Frank Baum,272,free,"fantasy, adventure, whimsical, easy",A girl is swept into a magical land and travels with three unlikely companions searching for what they desire.
"The Chronicles of Narnia: The Lion, the Witch and the Wardrobe",C. S. Lewis,208,cheap,"fantasy, adventure, magical, classic",Four siblings enter a magical world through a wardrobe and become part of an epic battle.
Divergent,Veronica Roth,487,cheap,"dystopian, action, romance, fast",A teenager discovers she does not fit into the rigid society that is supposed to define her identity.
The Maze Runner,James Dashner,375,cheap,"mystery, dystopian, fast, suspense",A boy wakes up in a mysterious maze with no memory and a group of strangers who need his help.
Stardust,Neil Gaiman,250,cheap,"fantasy, romance, adventure, whimsical",A young man crosses a magical wall to retrieve a fallen star and discovers that the star is not what he expected.
Good Omens,Neil Gaiman and Terry Pratchett,432,cheap,"funny, fantasy, apocalypse, witty",An angel and a demon team up to prevent the apocalypse after centuries of friendship.
The Hitchhiker's Guide to the Galaxy,Douglas Adams,193,cheap,"sci-fi, funny, absurd, fast",An ordinary man is unexpectedly rescued from Earth just before the planet is destroyed.
The Martian,Andy Weir,369,cheap,"sci-fi, survival, funny, fast","An astronaut stranded alone on Mars uses science, creativity and humour to stay alive."
Project Hail Mary,Andy Weir,496,cheap,"sci-fi, mystery, adventure, clever",A lone astronaut wakes up with no memory and discovers that humanity's survival depends on solving an impossible mystery.
Dark Matter,Blake Crouch,342,cheap,"sci-fi, thriller, mystery, fast",A scientist is kidnapped and wakes up in a reality where his life is completely different.
And Then There Were None,Agatha Christie,272,cheap,"mystery, suspense, classic, clever",Ten strangers arrive on an isolated island where someone begins killing them one by one.
The Murder of Roger Ackroyd,Agatha Christie,288,cheap,"mystery, detective, twisty, classic",A quiet village murder becomes one of Hercule Poirot's most unusual investigations.
The Blue Castle,L. M. Montgomery,240,free,"romance, cozy, coming-of-age, uplifting",A quiet woman decides to finally live for herself after receiving news that changes how much time she has left.
The Little Paris Bookshop,Nina George,400,cheap,"books, romance, healing, cozy",A travelling bookseller who can prescribe the perfect book for every heart sets off on a journey to heal his own.
Norwegian Wood,Haruki Murakami,388,cheap,"romance, Japanese, melancholy, nostalgic",A university student in Tokyo is swept into a deeply emotional campus romance complicated by grief and loss.
Kafka on the Shore,Haruki Murakami,505,cheap,"magical realism, Japanese, philosophical, mystery","A runaway teenager and an aging eccentric cross paths in a surreal, dreamlike Japan."
The Memory Police,Yoko Ogawa,274,cheap,"dystopian, Japanese, atmospheric, psychological",Objects and concepts quietly disappear from an island while a novelist fights to preserve her memories.
The Cat Who Saved Books,Sosuke Natsukawa,208,cheap,"fantasy, Japanese, books, heartwarming",A grieving high schooler and a talking cat embark on a magical quest to rescue trapped books.
The Miracles of the Namiya General Store,Keigo Higashino,320,cheap,"magical, Japanese, heartwarming, mystery",Three young thieves hide out in an abandoned store and start receiving letters asking for life advice from the past.
Strange Weather in Tokyo,Hiromi Kawakami,176,cheap,"romance, Japanese, quiet, gentle",A lonely office worker reconnects with her former high school teacher over casual food and drinks.
Tokyo Ueno Station,Yu Miri,192,cheap,"historical, Japanese, ghost story, poignant",The ghost of a homeless day laborer haunts a busy Tokyo transit hub while recalling his turbulent life.
Breasts and Eggs,Mieko Kawakami,430,cheap,"contemporary, Japanese, feminist, family","Three women in Tokyo navigate the complexities of womanhood, bodies, and modern family expectations."
The Boy and the Dog,Seishu Hase,304,cheap,"emotional, Japanese, dogs, heartwarming","A stray dog travels across Japan, bringing comfort and healing to everyone he meets along the way."
Sweet Bean Paste,Durian Sukegawa,214,cheap,"gentle, Japanese, food, heartwarming",An ex-con running a failing pancake stand finds unexpected wisdom from an elderly woman with a secret recipe.
The Setting Sun,Osamu Dazai,176,cheap,"classic, Japanese, tragic, post-war",An aristocratic family struggles to survive the shifting social landscape of post-war Japan.
No Longer Human,Osamu Dazai,176,cheap,"classic, Japanese, psychological, dark",A troubled young man hides his profound alienation behind a mask of clownish jocularity.
The Woman in the Purple Skirt,Natsuko Imamura,208,cheap,"psychological, Japanese, eerie, minimalist",A quirky neighborhood woman is secretly observed by her neighbor in a quiet Tokyo suburb.
Earthlings,Sayaka Murata,247,cheap,"quirky, Japanese, dark, surreal",A woman who believes she is an alien alien tries to escape society's harsh rules with her cousin.
The Temple of the Golden Pavilion,Yukio Mishima,262,cheap,"classic, Japanese, philosophical, psychological",A stuttering novice monk becomes obsessed with the destructive beauty of a historic temple.
The Tatami Galaxy,Tomihiko Morimi,200,cheap,"funny, Japanese, whimsical, campus",A university student reflects on alternative college lives spent joining different bizarre campus circles.
The Makanai: Cooking for the Maiko House,Koyama Aiko,180,cheap,"cozy, Japanese, food, heartwarming","Two childhood friends move to Kyoto to live among geisha apprentices, finding joy in daily comfort food."
Anami,R. K. Narayan,210,cheap,"Indian, coming-of-age, gentle, classic","A young student navigates the trials of small-town school life, friendships, and growing pains in colonial India."
The Blue Bedspread,Raj Kamal Jha,200,cheap,"emotional, Indian, literary, poignant",A man sorting through his sister's belongings the night she dies uncovers a lifetime of family secrets.
The Secret of the Nagas,Amish Tripathi,403,cheap,"mythology, fantasy, adventure, epic",Shiva continues his journey while confronting powerful enemies and questioning everything he believes.
The Oath of the Vayuputras,Amish Tripathi,575,cheap,"mythology, epic, action, Indian",Shiva prepares for a final confrontation that will decide the fate of an entire civilization.
Hullabaloo in the Guava Orchard,Kiran Desai,208,cheap,"satire, Indian, humorous, quirky",A young man climbs a guava tree to escape work and accidentally becomes a celebrated holy prophet.
The Lives of Others,Neel Mukherjee,512,cheap,"historical, Indian, family, tragic",A prosperous family in 1960s Calcutta slowly unravels amid political unrest and moral corruption.
Sacred Games,Vikram Chandra,900,cheap,"thriller, Indian, crime, epic",A troubled Mumbai police inspector receives a cryptic warning from a dying crime lord.
Embers,Shikhandin,220,cheap,"mythology, Indian, short stories, feminist","Classic mythological tales are retold from fresh, lesser-known characters' perspectives."
The Artist of Disappearance,Anita Desai,160,cheap,"literary, Indian, quiet, atmospheric","Three novellas explore isolation, ambition, and the quiet erosion of nature in the Indian hills."
The Cosmopolitans,Anjum Hasan,250,cheap,"contemporary, Indian, urban, reflective",Aging expats and locals navigate loneliness and shifting identities in a rapidly modernizing Bangalore.
Sea of Poppies,Amitav Ghosh,513,cheap,"historical, Indian, adventure, epic",A diverse group of travelers board a slave ship bound for Mauritius on the eve of the Opium Wars.
The Hungry Tide,Amitav Ghosh,403,cheap,"literary, Indian, nature, emotional","A cetologist and a translator cross paths in the fragile, mangrove-filled islands of the Sundarbans."
The Great Indian Novel,Shashi Tharoor,424,cheap,"satire, Indian, political, witty",The Indian epic Mahabharata is cleverly retold as a modern satire of 20th-century Indian politics.
